/players/a/abrinal01.html,Alex Abrines
/players/a/acyqu01.html,Quincy Acy
/players/a/adamsjo01.html,Jordan Adams
/players/a/adamsst01.html,Steven Adams
/players/a/afflaar01.html,Arron Afflalo
/players/a/ajincal01.html,Alexis Ajinca
/players/a/akognjo01.html,Josh Akognon
/players/a/alabiso01.html,Solomon Alabi
/players/a/aldemfu01.html,Furkan Aldemir
/players/a/aldrico01.html,Cole Aldrich
/players/a/aldrila01.html,LaMarcus Aldridge
/players/a/alexacl01.html,Cliff Alexander
/players/a/allenla01.html,Lavoy Allen
/players/a/allento01.html,Tony Allen
/players/a/aminual01.html,Al-Farouq Aminu
/players/a/amundlo01.html,Lou Amundson
/players/a/anderch01.html,Chris Andersen
/players/a/anderal01.html,Alan Anderson
/players/a/anderja01.html,James Anderson
/players/a/anderju01.html,Justin Anderson
/players/a/anderky01.html,Kyle Anderson
/players/a/anderry01.html,Ryan Anderson
/players/a/antetgi01.html,Giannis Antetokounmpo
/players/a/antetth01.html,Thanasis Antetokounmpo
/players/a/anthoca01.html,Carmelo Anthony
/players/a/anthojo01.html,Joel Anthony
/players/a/anticpe01.html,Pero Antic
/players/a/applike01.html,Keith Appling
/players/a/arizatr01.html,Trevor Ariza
/players/a/arthuda01.html,Darrell Arthur
/players/a/asikom01.html,Omer Asik
/players/a/augusdj01.html,D.J. Augustin
/players/a/ayongu01.html,Gustavo Ayon
/players/p/pendeje02.html,Jeff Ayres
/players/b/babbch01.html,Chris Babb
/players/b/babbilu01.html,Luke Babbitt
/players/b/bairsca01.html,Cameron Bairstow
/players/b/bakerro01.html,Ron Baker
/players/b/baldwwa01.html,Wade Baldwin
/players/b/balkmre01.html,Renaldo Balkman
/players/b/barbole01.html,Leandro Barbosa
/players/b/bareajo01.html,J.J. Barea
/players/b/bargnan01.html,Andrea Bargnani
/players/b/barneha02.html,Harrison Barnes
/players/b/barnema02.html,Matt Barnes
/players/b/barroea01.html,Earl Barron
/players/b/bartowi01.html,Will Barton
/players/b/bassbr01.html,Brandon Bass
/players/b/batumni01.html,Nicolas Batum
/players/b/bayleje01.html,Jerryd Bayless
/players/b/baynear01.html,Aron Baynes
/players/b/bazemke01.html,Kent Bazemore
/players/b/bealbr01.html,Bradley Beal
/players/b/beaslma01.html,Malik Beasley
/players/b/beaslmi01.html,Michael Beasley
/players/b/beaubro01.html,Rodrigue Beaubois
/players/b/belinma01.html,Marco Belinelli
/players/b/bembrde01.html,DeAndre' Bembry
/players/b/bendedr01.html,Dragan Bender
/players/b/benimje01.html,Jerrelle Benimon
/players/b/bennean01.html,Anthony Bennett
/players/b/bensoke02.html,Keith Benson
/players/b/bertada01.html,Davis Bertans
/players/b/beverpa01.html,Patrick Beverley
/players/b/bhullsi01.html,Sim Bhullar
/players/b/biyombi01.html,Bismack Biyombo
/players/b/bjeline01.html,Nemanja Bjelica
/players/b/blackta01.html,Tarik Black
/players/b/blairde01.html,DeJuan Blair
/players/b/blakest01.html,Steve Blake
/players/b/bledser01.html,Eric Bledsoe
/players/b/blueva01.html,Vander Blue
/players/b/bogdabo02.html,Bojan Bogdanovic
/players/b/bogutan01.html,Andrew Bogut
/players/b/bolomjo01.html,Joel Bolomboy
/players/b/bonnema01.html,Matt Bonner
/players/b/bookede01.html,Devin Booker
/players/b/booketr01.html,Trevor Booker
/players/b/boshch01.html,Chris Bosh
/players/b/bradlav01.html,Avery Bradley
/players/b/breweco01.html,Corey Brewer
/players/b/brewero02.html,Ronnie Brewer
/players/b/brogdma01.html,Malcolm Brogdon
/players/b/brookaa01.html,Aaron Brooks
/players/b/brookma01.html,MarShon Brooks
/players/b/brownan02.html,Anthony Brown
/players/b/brownbo02.html,Bobby Brown
/players/b/brownja01.html,Jabari Brown
/players/b/brownja02.html,Jaylen Brown
/players/b/brownlo01.html,Lorenzo Brown
/players/b/brownma02.html,Markel Brown
/players/b/brownsh01.html,Shannon Brown
/players/b/brussni01.html,Nicolas Brussino
/players/b/budinch01.html,Chase Budinger
/players/b/bullore01.html,Reggie Bullock
/players/b/burketr01.html,Trey Burke
/players/b/burksal01.html,Alec Burks
/players/b/butleca01.html,Caron Butler
/players/b/butleji01.html,Jimmy Butler
/players/b/butlera01.html,Rasual Butler
/players/b/buyckdw01.html,Dwight Buycks
/players/b/byarsde01.html,Derrick Byars
/players/b/bynumwi01.html,Will Bynum
/players/c/cabocbr01.html,Bruno Caboclo
/players/c/calatni01.html,Nick Calathes
/players/c/caldejo01.html,Jose Calderon
/players/c/caldwke01.html,Kentavious Caldwell-Pope
/players/c/canaais01.html,Isaiah Canaan
/players/c/capelca01.html,Clint Capela
/players/c/carrode01.html,DeMarre Carroll
/players/c/cartevi01.html,Vince Carter
/players/c/cartemi01.html,Michael Carter-Williams
/players/c/casspom01.html,Omri Casspi
/players/c/caulewi01.html,Willie Cauley-Stein
/players/c/chalmma01.html,Mario Chalmers
/players/c/chandty01.html,Tyson Chandler
/players/c/chandwi01.html,Wilson Chandler
/players/c/cherrwi01.html,Will Cherry
/players/c/childjo01.html,Josh Childress
/players/c/chrisma01.html,Marquese Chriss
/players/c/chrisdi01.html,Dionte Christmas
/players/c/chrisra01.html,Rakeem Christmas
/players/c/chrisse01.html,Semaj Christon
/players/c/chrispa01.html,Patrick Christopher
/players/c/clarkea01.html,Earl Clark
/players/c/clarkia01.html,Ian Clark
/players/c/clarkco01.html,Coty Clarke
/players/c/clarkjo01.html,Jordan Clarkson
/players/c/clavevi01.html,Victor Claver
/players/c/coleno01.html,Norris Cole
/players/c/collida01.html,Darren Collison
/players/c/collini01.html,Nick Collison
/players/c/conlemi01.html,Mike Conley
/players/c/connapa01.html,Pat Connaughton
/players/c/cooleja01.html,Jack Cooley
/players/c/copelch01.html,Chris Copeland
/players/c/cottobr01.html,Bryce Cotton
/players/c/cousima01.html,Marcus Cousin
/players/c/couside01.html,DeMarcus Cousins
/players/c/covinro01.html,Robert Covington
/players/c/crabbal01.html,Allen Crabbe
/players/c/crawfja01.html,Jamal Crawford
/players/c/crawfjo02.html,Jordan Crawford
/players/c/crowdja01.html,Jae Crowder
/players/c/cunnida01.html,Dante Cunningham
/players/c/cunnija01.html,Jared Cunningham
/players/c/curryse01.html,Seth Curry
/players/c/curryst01.html,Stephen Curry
/players/d/dalemsa01.html,Samuel Dalembert
/players/d/danietr01.html,Troy Daniels
/players/d/datomlu01.html,Luigi Datome
/players/d/daviebr01.html,Brandon Davies
/players/d/davisan02.html,Anthony Davis
/players/d/davisde01.html,Deyonta Davis
/players/d/davised01.html,Ed Davis
/players/d/davisgl01.html,Glen Davis
/players/d/dawkian01.html,Andre Dawkins
/players/d/dawsobr01.html,Branden Dawson
/players/d/dawsoer01.html,Eric Dawson
/players/d/dayeau01.html,Austin Daye
/players/d/decolna01.html,Nando De Colo
/players/d/dedmode01.html,Dewayne Dedmon
/players/d/dejeabr01.html,Bryce Dejean-Jones
/players/d/dekkesa01.html,Sam Dekker
/players/d/delanma01.html,Malcolm Delaney
/players/d/dellama01.html,Matthew Dellavedova
/players/d/denglu01.html,Luol Deng
/players/d/derozde01.html,DeMar DeRozan
/players/d/diallch01.html,Cheick Diallo
/players/d/diawbo01.html,Boris Diaw
/players/d/diawaya01.html,Yakhouba Diawara
/players/d/dienggo01.html,Gorgui Dieng
/players/d/dinwisp01.html,Spencer Dinwiddie
/players/d/dioguik01.html,Ike Diogu
/players/d/dorsejo01.html,Joey Dorsey
/players/d/douglto01.html,Toney Douglas
/players/d/douglch01.html,Chris Douglas-Roberts
/players/d/dragigo01.html,Goran Dragic
/players/d/dragizo01.html,Zoran Dragic
/players/d/drewla02.html,Larry Drew
/players/d/drumman01.html,Andre Drummond
/players/d/dudleja01.html,Jared Dudley
/players/d/dukandu01.html,Duje Dukan
/players/d/dunlemi02.html,Mike Dunleavy
/players/d/dunnkr01.html,Kris Dunn
/players/d/duranke01.html,Kevin Durant
/players/e/earlycl01.html,Cleanthony Early
/players/e/ebankde01.html,Devin Ebanks
/players/e/eddieja01.html,Jarell Eddie
/players/e/edwarsh01.html,Shane Edwards
/players/e/ellenhe01.html,Henry Ellenson
/players/e/ellinwa01.html,Wayne Ellington
/players/e/ellismo01.html,Monta Ellis
/players/e/elyme01.html,Melvin Ely
/players/e/embiijo01.html,Joel Embiid
/players/e/engliki01.html,Kim English
/players/e/ennisja01.html,James Ennis
/players/e/ennisty01.html,Tyler Ennis
/players/e/evansje01.html,Jeremy Evans
/players/e/evansty01.html,Tyreke Evans
/players/e/exumda01.html,Dante Exum
/players/e/ezelife01.html,Festus Ezeli
/players/f/farieke01.html,Kenneth Faried
/players/f/farmajo01.html,Jordan Farmar
/players/f/favervi01.html,Vitor Faverani
/players/f/favorde01.html,Derrick Favors
/players/f/feldeka01.html,Kay Felder
/players/f/feliccr01.html,Cristiano Felicio
/players/f/felixca01.html,Carrick Felix
/players/f/feltora01.html,Raymond Felton
/players/f/ferreyo01.html,Yogi Ferrell
/players/f/fesenky01.html,Kyrylo Fesenko
/players/f/finnedo01.html,Dorian Finney-Smith
/players/f/forbebr01.html,Bryn Forbes
/players/f/forbega01.html,Gary Forbes
/players/f/fournev01.html,Evan Fournier
/players/f/foyera01.html,Randy Foye
/players/f/frankja01.html,Jamaal Franklin
/players/f/fraziti01.html,Tim Frazier
/players/f/fredeji01.html,Jimmer Fredette
/players/f/freeljo01.html,Joel Freeland
/players/f/fryech01.html,Channing Frye
/players/g/gallida01.html,Danilo Gallinari
/players/g/gallola01.html,Langston Galloway
/players/g/garredi02.html,Diante Garrett
/players/g/gasolma01.html,Marc Gasol
/players/g/gasolpa01.html,Pau Gasol
/players/g/gayru01.html,Rudy Gay
/players/g/gbinimi01.html,Michael Gbinije
/players/g/geeal01.html,Alonzo Gee
/players/g/gelabmi01.html,Mickael Gelabale
/players/g/georgpa01.html,Paul George
/players/g/gibsojo01.html,Jonathan Gibson
/players/g/gibsota01.html,Taj Gibson
/players/g/ginobma01.html,Manu Ginobili
/players/g/gladnmi01.html,Mickell Gladness
/players/g/goberru01.html,Rudy Gobert
/players/g/gomesry01.html,Ryan Gomes
/players/g/goodedr01.html,Drew Gooden
/players/g/goodwar01.html,Archie Goodwin
/players/g/gordoaa01.html,Aaron Gordon
/players/g/gordodr01.html,Drew Gordon
/players/g/gordoer01.html,Eric Gordon
/players/g/gortama01.html,Marcin Gortat
/players/g/goudean01.html,Andrew Goudelock
/players/g/grahatr01.html,Treveon Graham
/players/g/grantje01.html,Jerami Grant
/players/g/grantje02.html,Jerian Grant
/players/g/greenda02.html,Danny Green
/players/g/greendr01.html,Draymond Green
/players/g/greener01.html,Erick Green
/players/g/greenge01.html,Gerald Green
/players/g/greenja01.html,JaMychal Green
/players/g/greenje02.html,Jeff Green
/players/g/greendo01.html,Donte Greene
/players/g/griffbl01.html,Blake Griffin
/players/g/gutiejo01.html,Jorge Gutierrez
/players/h/hairspj02.html,P.J. Hairston
/players/h/hamiljo02.html,Jordan Hamilton
/players/h/hamilju01.html,Justin Hamilton
/players/h/hammoaj01.html,A.J. Hammons
/players/h/hansbbe01.html,Ben Hansbrough
/players/h/hansbty01.html,Tyler Hansbrough
/players/h/hardati02.html,Tim Hardaway
/players/h/hardeja01.html,James Harden
/players/h/harklma01.html,Maurice Harkless
/players/h/harpeju01.html,Justin Harper
/players/h/harremo01.html,Montrezl Harrell
/players/h/harrejo01.html,Josh Harrellson
/players/h/harride01.html,Devin Harris
/players/h/harriel01.html,Elias Harris
/players/h/harriga01.html,Gary Harris
/players/h/harrijo01.html,Joe Harris
/players/h/harrima01.html,Manny Harris
/players/h/harrimi01.html,Mike Harris
/players/h/harrite01.html,Terrel Harris
/players/h/harrito02.html,Tobias Harris
/players/h/harriaa01.html,Aaron Harrison
/players/h/harrian01.html,Andrew Harrison
/players/h/hasleud01.html,Udonis Haslem
/players/h/hawessp01.html,Spencer Hawes
/players/h/hayesch01.html,Chuck Hayes
/players/h/haywago01.html,Gordon Hayward
/players/h/hendege02.html,Gerald Henderson
/players/h/henryxa01.html,Xavier Henry
/players/h/hensojo01.html,John Henson
/players/h/hernaju01.html,Juan Hernangomez
/players/h/hernawi01.html,Willy Hernangomez
/players/h/hezonma01.html,Mario Hezonja
/players/h/hibbero01.html,Roy Hibbert
/players/h/hicksjj01.html,J.J. Hickson
/players/h/hieldbu01.html,Buddy Hield
/players/h/hilarne01.html,Nene Hilario
/players/h/hillge01.html,George Hill
/players/h/hilljo01.html,Jordan Hill
/players/h/hillso01.html,Solomon Hill
/players/h/hillida01.html,Darrun Hilliard
/players/h/hinriki01.html,Kirk Hinrich
/players/h/holidjr01.html,Jrue Holiday
/players/h/holidju01.html,Justin Holiday
/players/h/holliry01.html,Ryan Hollins
/players/h/holliro01.html,Rondae Hollis-Jefferson
/players/h/holmeri01.html,Richaun Holmes
/players/h/hoodro01.html,Rodney Hood
/players/h/hopsosc01.html,Scotty Hopson
/players/h/horfoal01.html,Al Horford
/players/h/houseda01.html,Danuel House
/players/h/howardw01.html,Dwight Howard
/players/h/hudsole01.html,Lester Hudson
/players/h/huertma01.html,Marcelo Huertas
/players/h/huestjo01.html,Josh Huestis
/players/h/hummero01.html,Robbie Hummel
/players/h/humphkr01.html,Kris Humphries
/players/h/hunterj01.html,R.J. Hunter
/players/i/ibakase01.html,Serge Ibaka
/players/i/iguodan01.html,Andre Iguodala
/players/m/mbengdj01.html,Didier Ilunga-Mbenga
/players/i/ilyaser01.html,Ersan Ilyasova
/players/i/inglejo01.html,Joe Ingles
/players/i/inglida01.html,Damien Inglis
/players/i/ingrabr01.html,Brandon Ingram
/players/i/irvinky01.html,Kyrie Irving
/players/j/jackja01.html,Jarrett Jack
/players/j/jacksda01.html,Darnell Jackson
/players/j/jacksde01.html,Demetrius Jackson
/players/j/jacksre01.html,Reggie Jackson
/players/j/jamesbe01.html,Bernard James
/players/j/jamesda01.html,Damion James
/players/j/jamesle01.html,LeBron James
/players/j/jeffeot01.html,Othyus Jeffers
/players/j/jeffeal01.html,Al Jefferson
/players/j/jeffeco01.html,Cory Jefferson
/players/j/jefferi01.html,Richard Jefferson
/players/j/jenkich01.html,Charles Jenkins
/players/j/jenkijo01.html,John Jenkins
/players/j/jennibr01.html,Brandon Jennings
/players/j/jerebjo01.html,Jonas Jerebko
/players/j/jerregr01.html,Grant Jerrett
/players/j/johnsam01.html,Amir Johnson
/players/j/johnsch03.html,Chris Johnson
/players/j/johnsch04.html,Chris Johnson
/players/j/johnsiv01.html,Ivan Johnson
/players/j/johnsja01.html,James Johnson
/players/j/johnsjo02.html,Joe Johnson
/players/j/johnsni01.html,Nick Johnson
/players/j/johnsor01.html,Orlando Johnson
/players/j/johnsst04.html,Stanley Johnson
/players/j/johnstr01.html,Trey Johnson
/players/j/johnsty01.html,Tyler Johnson
/players/j/johnswe01.html,Wesley Johnson
/players/j/johnsda03.html,Darius Johnson-Odom
/players/j/jokicni01.html,Nikola Jokic
/players/j/jonesda02.html,Dahntay Jones
/players/j/jonesde01.html,DeQuan Jones
/players/j/jonesde02.html,Derrick Jones
/players/j/jonesja02.html,James Jones
/players/j/joneske01.html,Kevin Jones
/players/j/jonespe01.html,Perry Jones
/players/j/jonesso01.html,Solomon Jones
/players/j/joneste01.html,Terrence Jones
/players/j/jonesty01.html,Tyus Jones
/players/j/jordade01.html,DeAndre Jordan
/players/j/jordaje01.html,Jerome Jordan
/players/j/josepco01.html,Cory Joseph
/players/j/josepkr01.html,Kris Joseph
/players/k/kamanch01.html,Chris Kaman
/players/k/kaminfr01.html,Frank Kaminsky
/players/k/kanteen01.html,Enes Kanter
/players/k/karasse01.html,Sergey Karasev
/players/k/kellyry01.html,Ryan Kelly
/players/k/kennedj01.html,D.J. Kennedy
/players/k/kiddgmi01.html,Michael Kidd-Gilchrist
/players/k/kilpase01.html,Sean Kilpatrick
/players/k/kirkal01.html,Alex Kirk
/players/k/kleizli01.html,Linas Kleiza
/players/k/knighbr03.html,Brandon Knight
/players/k/korveky01.html,Kyle Korver
/players/k/koufoko01.html,Kosta Koufos
/players/k/kravtvi01.html,Viacheslav Kravtsov
/players/k/kuzmiog01.html,Ognjen Kuzmic
/players/k/kuzmimi01.html,Mindaugas Kuzminskas
/players/l/labissk01.html,Skal Labissiere
/players/l/lambdo01.html,Doron Lamb
/players/l/lambje01.html,Jeremy Lamb
/players/l/landrca01.html,Carl Landry
/players/l/landrma01.html,Marcus Landry
/players/l/laproni01.html,Nicolas Laprovittola
/players/l/larkish01.html,Shane Larkin
/players/l/lauvejo01.html,Joffrey Lauvergne
/players/l/lavinza01.html,Zach LaVine
/players/l/lawalga01.html,Gani Lawal
/players/l/lawsoty01.html,Ty Lawson
/players/l/laymaja01.html,Jake Layman
/players/l/ledori01.html,Ricky Ledo
/players/l/leeco01.html,Courtney Lee
/players/l/leeda02.html,David Lee
/players/l/leema01.html,Malcolm Lee
/players/l/lenal01.html,Alex Len
/players/l/leonaka01.html,Kawhi Leonard
/players/l/leoname01.html,Meyers Leonard
/players/l/leuerjo01.html,Jon Leuer
/players/l/leverca01.html,Caris LeVert
/players/l/liggide01.html,DeAndre Liggins
/players/l/lillada01.html,Damian Lillard
/players/l/linje01.html,Jeremy Lin
/players/l/livinsh01.html,Shaun Livingston
/players/l/looneke01.html,Kevon Looney
/players/l/lopezbr01.html,Brook Lopez
/players/l/lopezro01.html,Robin Lopez
/players/l/loveke01.html,Kevin Love
/players/l/lowryky01.html,Kyle Lowry
/players/l/lucaska01.html,Kalin Lucas
/players/l/lucasjo02.html,John Lucas III
/players/l/luwawti01.html,Timothe Luwawu-Cabarrot
/players/l/lylestr01.html,Trey Lyles
/players/m/machasc01.html,Scott Machado
/players/m/macksh01.html,Shelvin Mack
/players/m/macklve01.html,Vernon Macklin
/players/m/mahinia01.html,Ian Mahinmi
/players/m/makerth01.html,Thon Maker
/players/m/marblde01.html,Devyn Marble
/players/m/marjabo01.html,Boban Marjanovic
/players/m/marshke01.html,Kendall Marshall
/players/m/martica01.html,Cartier Martin
/players/m/martija01.html,Jarell Martin
/players/m/matthwe02.html,Wesley Matthews
/players/m/maynoer01.html,Eric Maynor
/players/m/mayooj01.html,O.J. Mayo
/players/m/mbahalu01.html,Luc Mbah a Moute
/players/m/mcadoja01.html,James Michael McAdoo
/players/m/mccalra01.html,Ray McCallum
/players/m/mccawpa01.html,Patrick McCaw
/players/m/mcclesh01.html,Sheldon McClellan
/players/m/mccolcj01.html,C.J. McCollum
/players/m/mccontj01.html,T.J. McConnell
/players/m/mcculch01.html,Chris McCullough
/players/m/mcdankj01.html,K.J. McDaniels
/players/m/mcderdo01.html,Doug McDermott
/players/m/mcgarmi01.html,Mitch McGary
/players/m/mcgeeja01.html,JaVale McGee
/players/m/mcgruro01.html,Rodney McGruder
/players/m/mcguido01.html,Dominic McGuire
/players/m/mclembe01.html,Ben McLemore
/players/m/mcneaje01.html,Jerel McNeal
/players/m/mcraejo01.html,Jordan McRae
/players/m/mcrobjo01.html,Josh McRoberts
/players/m/meeksjo01.html,Jodie Meeks
/players/m/mejrisa01.html,Salah Mejri
/players/m/mekelga01.html,Gal Mekel
/players/m/melofa01.html,Fab Melo
/players/m/mensapo01.html,Pops Mensah-Bonsu
/players/m/mickejo01.html,Jordan Mickey
/players/m/middlkh01.html,Khris Middleton
/players/m/milescj01.html,C.J. Miles
/players/m/millean02.html,Andre Miller
/players/m/milleda01.html,Darius Miller
/players/m/millemi01.html,Mike Miller
/players/m/millequ01.html,Quincy Miller
/players/m/millspa02.html,Patrick Mills
/players/m/millsel01.html,Elijah Millsap
/players/m/millspa01.html,Paul Millsap
/players/m/mirotni01.html,Nikola Mirotic
/players/m/mitchto03.html,Tony Mitchell
/players/m/mitchto02.html,Tony Mitchell
/players/m/mohamna01.html,Nazr Mohammed
/players/m/monrogr01.html,Greg Monroe
/players/m/montelu01.html,Luis Montero
/players/m/mooreet01.html,E'Twaun Moore
/players/m/moreler01.html,Eric Moreland
/players/m/morrida01.html,Darius Morris
/players/m/morrima03.html,Marcus Morris
/players/m/morrima02.html,Markieff Morris
/players/m/morroan01.html,Anthony Morrow
/players/m/motiedo01.html,Donatas Motiejunas
/players/m/moultar01.html,Arnett Moultrie
/players/m/mozgoti01.html,Timofey Mozgov
/players/m/mudiaem01.html,Emmanuel Mudiay
/players/m/muhamsh01.html,Shabazz Muhammad
/players/m/mulleby01.html,Byron Mullens
/players/m/munfoxa02.html,Xavier Munford
/players/m/murpher01.html,Erik Murphy
/players/m/murphke01.html,Kevin Murphy
/players/m/murrade01.html,Dejounte Murray
/players/m/murraja01.html,Jamal Murray
/players/m/murryto01.html,Toure' Murry
/players/m/muscami01.html,Mike Muscala
/players/n/ndiayha01.html,Hamady N'Diaye
/players/n/nancela02.html,Larry Nance Jr.
/players/n/napiesh01.html,Shabazz Napier
/players/n/ndourma01.html,Maurice Ndour
/players/n/nealga01.html,Gary Neal
/players/n/nedovne01.html,Nemanja Nedovic
/players/n/nelsoja01.html,Jameer Nelson
/players/n/netora01.html,Raul Neto
/players/n/niangge01.html,Georges Niang
/players/n/nichoan01.html,Andrew Nicholson
/players/n/noahjo01.html,Joakim Noah
/players/n/noelne01.html,Nerlens Noel
/players/n/noguelu01.html,Lucas Nogueira
/players/n/novakst01.html,Steve Novak
/players/n/nowitdi01.html,Dirk Nowitzki
/players/n/nunnaja01.html,James Nunnally
/players/n/nurkiju01.html,Jusuf Nurkic
/players/o/obriejj01.html,J.J. O'Brien
/players/o/obryajo01.html,Johnny O'Bryant
/players/o/obryapa01.html,Patrick O'Bryant
/players/o/onealje01.html,Jermaine O'Neal
/players/o/oquinky01.html,Kyle O'Quinn
/players/o/ochefda01.html,Daniel Ochefu
/players/o/ohlbrti01.html,Tim Ohlbrecht
/players/o/okafoja01.html,Jahlil Okafor
/players/o/oladivi01.html,Victor Oladipo
/players/o/olynyke01.html,Kelly Olynyk
/players/o/onuakar01.html,Arinze Onuaku
/players/o/ortonda01.html,Daniel Orton
/players/o/oubreke01.html,Kelly Oubre
/players/o/outlatr01.html,Travis Outlaw
/players/p/pachuza01.html,Zaza Pachulia
/players/p/papagge01.html,Georgios Papagiannis
/players/p/papanko01.html,Kostas Papanikolaou
/players/p/parkeja01.html,Jabari Parker
/players/p/parketo01.html,Tony Parker
/players/p/parsoch01.html,Chandler Parsons
/players/p/pattela01.html,Lamar Patterson
/players/p/pattepa01.html,Patrick Patterson
/players/p/paulch01.html,Chris Paul
/players/p/pavloal01.html,Sasha Pavlovic
/players/p/paynead01.html,Adreian Payne
/players/p/payneca01.html,Cameron Payne
/players/p/paytoel01.html,Elfrid Payton
/players/p/pecheol01.html,Oleksiy Pecherov
/players/p/pekovni01.html,Nikola Pekovic
/players/p/perkike01.html,Kendrick Perkins
/players/p/petrojo01.html,Johan Petro
/players/p/piercpa01.html,Paul Pierce
/players/p/pittmde01.html,Dexter Pittman
/players/p/pleisti01.html,Tibor Pleiss
/players/p/plumlma02.html,Marshall Plumlee
/players/p/plumlma01.html,Mason Plumlee
/players/p/plumlmi01.html,Miles Plumlee
/players/p/poeltja01.html,Jakob Poeltl
/players/p/pondequ01.html,Quincy Pondexter
/players/p/porteot01.html,Otto Porter
/players/p/portibo01.html,Bobby Portis
/players/p/porzikr01.html,Kristaps Porzingis
/players/p/poweldw01.html,Dwight Powell
/players/p/poweljo01.html,Josh Powell
/players/p/powelno01.html,Norman Powell
/players/p/pressph01.html,Phil Pressey
/players/p/pricero01.html,Ronnie Price
/players/p/prigipa01.html,Pablo Prigioni
/players/p/princta01.html,Tayshaun Prince
/players/q/quartti01.html,Tim Quarterman
/players/r/radulmi01.html,Miroslav Raduljica
/players/r/randlju01.html,Julius Randle
/players/r/randoan01.html,Anthony Randolph
/players/r/randosh01.html,Shavlik Randolph
/players/r/randoza01.html,Zach Randolph
/players/r/redicjj01.html,J.J. Redick
/players/r/reedwi02.html,Willie Reed
/players/r/ricegl02.html,Glen Rice
/players/r/richajo01.html,Josh Richardson
/players/r/richama01.html,Malachi Richardson
/players/r/riverau01.html,Austin Rivers
/players/r/roberan03.html,Andre Roberson
/players/r/roberbr01.html,Brian Roberts
/players/r/robingl02.html,Glenn Robinson
/players/r/robinna01.html,Nate Robinson
/players/r/robinth01.html,Thomas Robinson
/players/r/rodrise01.html,Sergio Rodriguez
/players/r/rondora01.html,Rajon Rondo
/players/r/rosede01.html,Derrick Rose
/players/r/rosste01.html,Terrence Ross
/players/r/roziete01.html,Terry Rozier
/players/r/rubiori01.html,Ricky Rubio
/players/r/rudezda01.html,Damjan Rudez
/players/r/rushbr01.html,Brandon Rush
/players/r/russeda01.html,D'Angelo Russell
/players/s/sabondo01.html,Domantas Sabonis
/players/s/sacrero01.html,Robert Sacre
/players/s/sampsja02.html,JaKarr Sampson
/players/s/saricda01.html,Dario Saric
/players/s/satorto01.html,Tomas Satoransky
/players/s/schrode01.html,Dennis Schroder
/players/s/scolalu01.html,Luis Scola
/players/s/scottmi01.html,Mike Scott
/players/s/sefolth01.html,Thabo Sefolosha
/players/s/serapke01.html,Kevin Seraphin
/players/s/sessira01.html,Ramon Sessions
/players/s/shakumu01.html,Mustafa Shakur
/players/s/shengto01.html,Tornike Shengelia
/players/s/shumpim01.html,Iman Shumpert
/players/s/shvedal01.html,Alexey Shved
/players/s/siakapa01.html,Pascal Siakam
/players/s/silasxa01.html,Xavier Silas
/players/s/simmojo02.html,Jonathon Simmons
/players/s/simshe01.html,Henry Sims
/players/s/singlky01.html,Kyle Singler
/players/s/singlch01.html,Chris Singleton
/players/s/sivape01.html,Peyton Siva
/players/s/sloando01.html,Donald Sloan
/players/s/smartma01.html,Marcus Smart
/players/s/smithch05.html,Chris Smith
/players/s/smithgr02.html,Greg Smith
/players/s/smithis01.html,Ish Smith
/players/s/smithjr01.html,J.R. Smith
/players/s/smithja02.html,Jason Smith
/players/s/smithjo03.html,Josh Smith
/players/s/smithno01.html,Nolan Smith
/players/s/smithru01.html,Russ Smith
/players/s/snellto01.html,Tony Snell
/players/s/southja01.html,James Southerland
/players/s/speigma01.html,Marreese Speights
/players/s/splitti01.html,Tiago Splitter
/players/s/stausni01.html,Nik Stauskas
/players/s/stephdj01.html,D.J. Stephens
/players/s/stephla01.html,Lance Stephenson
/players/s/stephal01.html,Alex Stepheson
/players/s/stiemgr01.html,Greg Stiemsma
/players/s/stockda01.html,David Stockton
/players/s/stokeja01.html,Jarnell Stokes
/players/s/stonedi01.html,Diamond Stone
/players/s/stoneju01.html,Julyan Stone
/players/s/stuckro01.html,Rodney Stuckey
/players/s/sullija01.html,Jared Sullinger
/players/s/summeda01.html,DaJuan Summers
/players/t/tavarwa01.html,Walter Tavares
/players/t/tayloje03.html,Jeffery Taylor
/players/t/tayloje02.html,Jermaine Taylor
/players/t/tayloty01.html,Tyshawn Taylor
/players/t/teaguje01.html,Jeff Teague
/players/t/teaguma01.html,Marquis Teague
/players/t/teletmi01.html,Mirza Teletovic
/players/t/telfase01.html,Sebastian Telfair
/players/t/templga01.html,Garrett Temple
/players/t/terryja01.html,Jason Terry
/players/t/thomaad01.html,Adonis Thomas
/players/t/thomais02.html,Isaiah Thomas
/players/t/thomala01.html,Lance Thomas
/players/t/thomama01.html,Malcolm Thomas
/players/t/thomaty01.html,Tyrus Thomas
/players/t/thompho01.html,Hollis Thompson
/players/t/thompja02.html,Jason Thompson
/players/t/thompkl01.html,Klay Thompson
/players/t/thomptr01.html,Tristan Thompson
/players/t/thornma01.html,Marcus Thornton
/players/t/tollian01.html,Anthony Tolliver
/players/t/toupaax01.html,Axel Toupane
/players/t/townska01.html,Karl-Anthony Towns
/players/t/tskitni01.html,Nikoloz Tskitishvili
/players/t/tuckepj01.html,P.J. Tucker
/players/t/turneev01.html,Evan Turner
/players/t/turnemy01.html,Myles Turner
/players/t/tylerje01.html,Jeremy Tyler
/players/u/udohek01.html,Ekpe Udoh
/players/u/udrihbe01.html,Beno Udrih
/players/u/ulisty01.html,Tyler Ulis
/players/v/valanjo01.html,Jonas Valanciunas
/players/v/valende01.html,Denzel Valentine
/players/v/vanvlfr01.html,Fred VanVleet
/players/v/varejan01.html,Anderson Varejao
/players/v/varnaja01.html,Jarvis Varnado
/players/v/vasqugr01.html,Greivis Vasquez
/players/v/vaughra01.html,Rashad Vaughn
/players/v/veselja01.html,Jan Vesely
/players/v/villach01.html,Charlie Villanueva
/players/v/vonleno01.html,Noah Vonleh
/players/v/vucevni01.html,Nikola Vucevic
/players/v/vujacsa01.html,Sasha Vujacic
/players/w/wadedw01.html,Dwyane Wade
/players/w/waitedi01.html,Dion Waiters
/players/w/walkebi01.html,Henry Walker
/players/w/walkeke02.html,Kemba Walker
/players/w/walljo01.html,John Wall
/players/p/princta02.html,Taurean Waller-Prince
/players/w/wareca01.html,Casper Ware
/players/w/warretj01.html,T.J. Warren
/players/w/watsocj01.html,C.J. Watson
/players/w/waynsma01.html,Maalik Wayns
/players/w/wearda01.html,David Wear
/players/w/weartr01.html,Travis Wear
/players/w/weberbr01.html,Briante Weber
/players/w/webstma02.html,Martell Webster
/players/w/weemsso01.html,Sonny Weems
/players/w/westda01.html,David West
/players/w/westbru01.html,Russell Westbrook
/players/w/whitedj01.html,D.J. White
/players/w/whitero03.html,Royce White
/players/w/whiteis01.html,Isaiah Whitehead
/players/w/whiteha01.html,Hassan Whiteside
/players/w/whittsh01.html,Shayne Whittington
/players/w/wiggian01.html,Andrew Wiggins
/players/w/wilcocj01.html,C.J. Wilcox
/players/w/wilkida02.html,Damien Wilkins
/players/w/willial03.html,Alan Williams
/players/w/willide01.html,Deron Williams
/players/w/willide02.html,Derrick Williams
/players/w/williel01.html,Elliot Williams
/players/w/willilo02.html,Lou Williams
/players/w/willima04.html,Marcus Williams
/players/w/willima02.html,Marvin Williams
/players/w/willire02.html,Reggie Williams
/players/w/willish03.html,Shawne Williams
/players/w/willitr02.html,Troy Williams
/players/w/wiltjky01.html,Kyle Wiltjer
/players/w/winslju01.html,Justise Winslow
/players/w/witheje01.html,Jeff Withey
/players/w/woltena01.html,Nate Wolters
/players/w/woodch01.html,Christian Wood
/players/a/artesro01.html,Metta World Peace
/players/w/wrighbr03.html,Brandan Wright
/players/w/wrighch01.html,Chris Wright
/players/w/wrighde01.html,Delon Wright
/players/w/wrighdo01.html,Dorell Wright
/players/w/wroteto01.html,Tony Wroten
/players/y/youngja01.html,James Young
/players/y/youngjo01.html,Joe Young
/players/y/youngni01.html,Nick Young
/players/y/youngsa01.html,Sam Young
/players/y/youngth01.html,Thaddeus Young
/players/z/zelleco01.html,Cody Zeller
/players/z/zellety01.html,Tyler Zeller
/players/z/zimmest01.html,Stephen Zimmerman
/players/z/zipsepa01.html,Paul Zipser
/players/z/zubaciv01.html,Ivica Zubac
